Group,N,Mean,SD,95% CI Lower,95% CI Upper,Number of Outliers
BBB-,31,0.0,0.0,0.0,0.0,0
BBB+,13,0.46153846153846156,0.9674179220468452,-1.4346006656733548,2.357677588750278,1
