Group,N,Mean,SD,95% CI Lower,95% CI Upper,Number of Outliers
BBB-,31,0.03225806451612903,0.1796053020267749,-0.31976832745634975,0.3842844564886079,1
BBB+,13,0.0,0.0,0.0,0.0,0
