Group,N,Mean,SD,95% CI Lower,95% CI Upper,Number of Outliers
BBB-,31,0.06451612903225806,0.3592106040535499,-0.6395366549126997,0.7685689129772157,1
BBB+,13,0.15384615384615385,0.37553380809940534,-0.5822001100286806,0.8898924177209883,2
