Group,N,Mean,SD,95% CI Lower,95% CI Upper,Number of Outliers
BBB-,31,0.0,0.0,0.0,0.0,0
BBB+,13,0.07692307692307693,0.2773500981126146,-0.4666831153776477,0.6205292692238016,1
