Group,N,Mean,SD,95% CI Lower,95% CI Upper,Number of Outliers
BBB-,31,0.5806451612903226,0.672021505032247,-0.7365169885728814,1.8978073111535267,3
BBB+,13,0.46153846153846156,0.7762500258061847,-1.0599115890416604,1.9829885121185837,2
