Group,N,Mean,SD,95% CI Lower,95% CI Upper,Number of Outliers
BBB-,31,3.6451612903225805,2.1377306830183915,-0.5447908483934669,7.835113429038628,2
BBB+,13,2.6153846153846154,2.631174057921088,-2.5417165381407174,7.772485768909949,1
