Group,N,Mean,SD,95% CI Lower,95% CI Upper,Number of Outliers
BBB-,31,0.03225806451612903,0.17960530202677497,-0.31976832745634987,0.384284456488608,1
BBB+,13,0.0,0.0,0.0,0.0,0
