Group,N,Mean,SD,95% CI Lower,95% CI Upper,Number of Outliers
BBB-,31,1.0,1.1547005383792515,-1.263213055223333,3.263213055223333,0
BBB+,13,0.8461538461538461,0.898717034272917,-0.9153315410210713,2.6076392333287637,1
