Group,N,Mean,SD,95% CI Lower,95% CI Upper,Number of Outliers
BBB-,31,0.22580645161290322,0.4250237185032414,-0.6072400366534498,1.0588529398792563,0
BBB+,13,0.15384615384615385,0.3755338080994054,-0.5822001100286807,0.8898924177209884,2
