Group,N,Mean,SD,95% CI Lower,95% CI Upper,Number of Outliers
BBB-,31,0.5483870967741935,0.6238968759562409,-0.6744507801000386,1.7712249736484256,2
BBB+,13,0.23076923076923078,0.4385290096535146,-0.6287476281516577,1.0902860896901194,0
