Group,N,Mean,SD,95% CI Lower,95% CI Upper,Number of Outliers
BBB-,31,1.0,0.7302967433402214,-0.4313816169468341,2.431381616946834,1
BBB+,13,1.0769230769230769,1.1151635501529555,-1.108797481376716,3.2626436352228696,0
