Group,N,Mean,SD,95% CI Lower,95% CI Upper,Number of Outliers
BBB-,31,0.12903225806451613,0.34077710054823884,-0.538890859010032,0.7969553751390642,4
BBB+,13,0.0,0.408248290463863,-0.8001666493091715,0.8001666493091715,2
