Group,N,Mean,SD,95% CI Lower,95% CI Upper,Number of Outliers
BBB-,31,27.451612903225808,19.68389986711207,-11.128830836313853,66.03205664276547,1
BBB+,13,17.846153846153847,21.919725339847645,-25.116507819947536,60.80881551225523,1
