Group,N,Mean,SD,95% CI Lower,95% CI Upper,Number of Outliers
BBB-,31,0.9354838709677419,0.7718153436743679,-0.5772742026340191,2.448241944569503,0
BBB+,13,0.3076923076923077,0.48038446141526137,-0.6338612366816045,1.24924585206622,0
