Group,N,Mean,SD,95% CI Lower,95% CI Upper,Number of Outliers
BBB-,31,0.9032258064516129,0.8308565343337928,-0.7252530008426209,2.5317046137458465,0
BBB+,13,0.3076923076923077,0.48038446141526137,-0.6338612366816045,1.24924585206622,0
