Group,N,Mean,SD,95% CI Lower,95% CI Upper,Number of Outliers
BBB-,31,2.5483870967741935,0.850047437006483,0.8822941202414869,4.2144800733069,0
BBB+,13,2.3076923076923075,1.0315534712764842,0.28584750399039827,4.329537111394217,0
