Group,N,Mean,SD,95% CI Lower,95% CI Upper,Number of Outliers
BBB-,31,0.11307806451612906,0.755351087558712,-1.3674100670989464,1.5935661961312046,1
BBB+,13,0.5677361538461537,0.6201449794139332,-0.6477480058051553,1.7832203134974627,1
