Group,N,Mean,SD,95% CI Lower,95% CI Upper,Number of Outliers
BBB-,31,48.149838709677404,20.9471046147143,7.093513664837381,89.20616375451743,1
BBB+,13,53.24307692307692,29.73031782950848,-5.028346022759699,111.51449986891353,1
