Group,N,Mean,SD,95% CI Lower,95% CI Upper,Number of Outliers
BBB-,31,24.265483870967742,21.0802683156089,-17.051842027625703,65.58280976956118,0
BBB+,13,12.641538461538461,18.120309437274084,-22.874268035518746,48.157344958595665,0
