Group,N,Mean,SD,95% CI Lower,95% CI Upper,Number of Outliers
BBB-,31,43.61290322580645,48.10383035293193,-50.67060426594013,137.896410717553,1
BBB+,13,32.53846153846154,57.872871284991824,-80.89236618012242,145.96928925704552,1
