number,values_0,value,params_colsample_bytree,params_early_stopping_rounds,params_gamma,params_learning_rate,params_max_depth,params_min_child_weight,params_num_boost_round,params_reg_alpha,params_reg_lambda,params_subsample,state
0,0.9699325375347243,0.9699325375347243,0.6281506792077782,110,1.4295537433230248,0.07133360403166904,26,2,134,1.0520597352657406,1.071986809446741,0.5134589014901623,COMPLETE
1,0.9647786576293942,0.9647786576293942,0.654640492611373,269,2.8029921409276093,0.05795053809185987,20,3,3418,2.49357269640727,3.528110186423735,0.6066974812845504,COMPLETE
2,0.9656232788794235,0.9656232788794235,0.7493865989430845,226,1.5191990898174175,0.007871739517837229,10,3,1600,3.8700718918182897,1.5757543572009052,0.5737198777482228,COMPLETE
3,0.9592489277169836,0.9592489277169836,0.9723024770027613,138,3.3779598808477305,0.008950983798578978,26,4,1946,4.355650725223562,2.8678906837710127,0.6283566135228343,COMPLETE
4,0.9566659345278344,0.9566659345278344,0.8778153280686392,76,4.054635804285015,0.0055087396922784936,16,10,1522,3.9388471436918513,3.9123796930287913,0.6927972358560202,COMPLETE
