Group,N,Mean,SD,95% CI Lower,95% CI Upper,Number of Outliers
BBB-,274,5.2153284671532845,3.6915384983934163,-2.0200869896978118,12.450743924004382,12
BBB+,193,6.61139896373057,5.414994095429891,-4.0019894633120145,17.224787390773155,21
