Group,N,Mean,SD,95% CI Lower,95% CI Upper,Number of Outliers
BBB-,274,0.7153284671532847,1.102437559697966,-1.4454491498547288,2.8761060841612984,25
BBB+,193,0.8341968911917098,2.2205178409247885,-3.518018077020876,5.186411859404296,20
