Group,N,Mean,SD,95% CI Lower,95% CI Upper,Number of Outliers
BBB-,274,0.014598540145985401,0.19083013023608097,-0.3594285151167333,0.38862559540870406,2
BBB+,193,0.15025906735751296,0.4928789101133689,-0.81578359646469,1.1163017311797159,7
