Group,N,Mean,SD,95% CI Lower,95% CI Upper,Number of Outliers
BBB-,274,0.0,0.0,0.0,0.0,0
BBB+,193,0.010362694300518135,0.1015318764446398,-0.18863978353097588,0.20936517213201217,2
