Group,N,Mean,SD,95% CI Lower,95% CI Upper,Number of Outliers
BBB-,274,7.686131386861314,3.6918915703592443,0.4500239089571956,14.922238864765433,8
BBB+,193,9.818652849740932,7.350117930509734,-4.587578294058147,24.22488399354001,22
