Group,N,Mean,SD,95% CI Lower,95% CI Upper,Number of Outliers
BBB-,274,0.0036496350364963502,0.060412209333017684,-0.1147582952562183,0.122057565329211,1
BBB+,193,0.0,0.0,0.0,0.0,0
