Group,N,Mean,SD,95% CI Lower,95% CI Upper,Number of Outliers
BBB-,274,0.021897810218978103,0.1697726678525317,-0.310856618771984,0.35465223920994027,5
BBB+,193,0.12953367875647667,0.498757090755193,-0.8480302191237015,1.1070975766366549,5
