Group,N,Mean,SD,95% CI Lower,95% CI Upper,Number of Outliers
BBB-,274,0.01824817518248175,0.21745075754378235,-0.40795530960333165,0.4444516599682951,2
BBB+,193,0.0051813471502590676,0.07198157507486946,-0.13590253999648508,0.1462652342970032,1
