Group,N,Mean,SD,95% CI Lower,95% CI Upper,Number of Outliers
BBB-,274,0.17518248175182483,0.38081867122204965,-0.5712221138433925,0.9215870773470421,48
BBB+,193,0.09326424870466321,0.29155870195200456,-0.4781908071212657,0.6647193045305921,18
