Group,N,Mean,SD,95% CI Lower,95% CI Upper,Number of Outliers
BBB-,274,1.6204379562043796,1.581168422523531,-1.4786521519417408,4.7195280643505,12
BBB+,193,0.9481865284974094,1.1074601791302656,-1.222435422597911,3.1188084795927296,5
