Group,N,Mean,SD,95% CI Lower,95% CI Upper,Number of Outliers
BBB-,274,0.7153284671532847,0.9134638427876747,-1.0750606647105576,2.505717599017127,18
BBB+,193,0.5233160621761658,0.791047162390511,-1.0271363761092358,2.073768500461567,5
