Group,N,Mean,SD,95% CI Lower,95% CI Upper,Number of Outliers
BBB-,274,0.010948905109489052,0.10425302561770174,-0.19338702510120637,0.21528483532018444,3
BBB+,193,0.015544041450777202,0.12402469251053035,-0.22754435586986227,0.2586324387714167,3
