Group,N,Mean,SD,95% CI Lower,95% CI Upper,Number of Outliers
BBB-,274,1.7992700729927007,3.2355397407500477,-4.542387818877392,8.140927964862794,15
BBB+,193,1.8290155440414508,3.5262095390516417,-5.082355152499766,8.740386240582668,17
