Group,N,Mean,SD,95% CI Lower,95% CI Upper,Number of Outliers
BBB-,274,0.7992700729927007,1.0758076513102037,-1.3093129235752987,2.9078530695607,22
BBB+,193,0.7512953367875648,1.0459798440681787,-1.2988251575860654,2.801415831161195,24
