Group,N,Mean,SD,95% CI Lower,95% CI Upper,Number of Outliers
BBB-,274,5.0583941605839415,4.2732088522971114,-3.3170951899183967,13.433883511086279,6
BBB+,193,6.020725388601036,6.828981248161213,-7.364077857794941,19.40552863499701,20
