Group,N,Mean,SD,95% CI Lower,95% CI Upper,Number of Outliers
BBB-,274,0.010948905109489052,0.10425302561770174,-0.19338702510120637,0.21528483532018444,3
BBB+,193,0.0,0.0,0.0,0.0,0
