Group,N,Mean,SD,95% CI Lower,95% CI Upper,Number of Outliers
BBB-,274,157.04744525547446,159.2745502460664,-155.13067322681573,469.2255637377647,12
BBB+,193,218.7357512953368,279.58754520532176,-329.2558373070938,766.7273398977675,22
