Group,N,Mean,SD,95% CI Lower,95% CI Upper,Number of Outliers
BBB-,274,0.5,0.8987170342729172,-1.2614853871749176,2.2614853871749174,15
BBB+,193,0.5595854922279793,1.6670282422987805,-2.7077898626776307,3.8269608471335888,6
