Group,N,Mean,SD,95% CI Lower,95% CI Upper,Number of Outliers
BBB-,274,1.094890510948905,1.1152174950332825,-1.0909357793163286,3.2807168012141386,11
BBB+,193,0.6010362694300518,0.7081364655813245,-0.786911203109344,1.9889837419694478,23
