Group,N,Mean,SD,95% CI Lower,95% CI Upper,Number of Outliers
BBB-,274,2.145985401459854,1.5899876562536104,-0.9703904047972225,5.26236120771693,19
BBB+,193,1.3367875647668395,1.0485823969426022,-0.7184339332406611,3.3920090627743402,5
