Group,N,Mean,SD,95% CI Lower,95% CI Upper,Number of Outliers
BBB-,274,7.7846715328467155,4.851756836158283,-1.7247718660235183,17.294114931716948,12
BBB+,193,8.471502590673575,6.022567482779141,-3.3327296755735407,20.275734856920693,20
