Group,N,Mean,SD,95% CI Lower,95% CI Upper,Number of Outliers
BBB-,274,0.35090770072992705,1.0022287354545791,-1.613460620761048,2.3152760222209023,11
BBB+,193,1.3452727461139902,1.4012844597492007,-1.4012447949944433,4.091790287222423,4
