Group,N,Mean,SD,95% CI Lower,95% CI Upper,Number of Outliers
BBB-,274,115.43399635036495,71.56680712727045,-24.836945619085142,255.70493831981503,14
BBB+,193,123.73007772020725,82.29845820693559,-37.5749003653865,285.035055805801,20
