Group,N,Mean,SD,95% CI Lower,95% CI Upper,Number of Outliers
BBB-,274,0.22262773722627738,0.5185910329417664,-0.7938106873395848,1.2390661617921395,13
BBB+,193,0.2849740932642487,0.5558703051974853,-0.8045317049228223,1.3744798914513199,10
