Group,N,Mean,SD,95% CI Lower,95% CI Upper,Number of Outliers
BBB-,274,0.09854014598540146,0.2985889652637351,-0.4866942259315193,0.6837745179023222,27
BBB+,193,0.03626943005181347,0.18744601986357115,-0.33112476888078596,0.40366362898441294,7
