Group,N,Mean,SD,95% CI Lower,95% CI Upper,Number of Outliers
BBB-,274,0.5547445255474452,0.7599856180362463,-0.9348272858035975,2.044316336898488,5
BBB+,193,0.8082901554404145,1.3383500720556374,-1.8148759857886347,3.431456296669464,21
