Group,N,Mean,SD,95% CI Lower,95% CI Upper,Number of Outliers
BBB-,274,0.3686131386861314,0.6283010203194285,-0.8628568611399485,1.6000831385122112,12
BBB+,193,0.5544041450777202,0.9886827212589802,-1.3834139885898808,2.492222278745321,22
