Group,N,Mean,SD,95% CI Lower,95% CI Upper,Number of Outliers
BBB-,274,0.32116788321167883,0.5733304357539404,-0.8025597708660444,1.4448955372894021,15
BBB+,193,0.32124352331606215,0.6294959191786088,-0.9125684782740111,1.5550555249061355,17
