Group,N,Mean,SD,95% CI Lower,95% CI Upper,Number of Outliers
BBB-,274,0.8759124087591241,0.9214199543239832,-0.9300707017158829,2.681895519234131,11
BBB+,193,1.1295336787564767,1.3612219885989392,-1.5384614188974441,3.7975287764103975,22
