Group,N,Mean,SD,95% CI Lower,95% CI Upper,Number of Outliers
BBB-,274,0.19708029197080293,0.39852137070284466,-0.5840215946067726,0.9781821785483784,54
BBB+,193,0.27979274611398963,0.5148381203402098,-0.7292899697528216,1.2888754619808007,6
