Group,N,Mean,SD,95% CI Lower,95% CI Upper,Number of Outliers
BBB-,274,0.09854014598540146,0.2985889652637351,-0.4866942259315193,0.6837745179023222,27
BBB+,193,0.24352331606217617,0.497673776941897,-0.731917286743942,1.2189639188682944,6
