Group,N,Mean,SD,95% CI Lower,95% CI Upper,Number of Outliers
BBB-,274,0.5912408759124088,0.8899499473561588,-1.1530610209056624,2.33554277273048,11
BBB+,193,0.8393782383419689,1.0458766393472496,-1.2105399747786403,2.889296451462578,26
