Group,N,Mean,SD,95% CI Lower,95% CI Upper,Number of Outliers
BBB-,274,0.08759124087591241,0.28321680572288754,-0.46751369834094714,0.642696180092772,24
BBB+,193,0.010362694300518135,0.10153187644463982,-0.1886397835309759,0.2093651721320122,2
