Group,N,Mean,SD,95% CI Lower,95% CI Upper,Number of Outliers
BBB-,274,0.21532846715328466,0.5877118367613814,-0.9365867328990227,1.367243667205592,15
BBB+,193,0.12953367875647667,0.660498777878191,-1.1650439258847776,1.424111283397731,6
