Group,N,Mean,SD,95% CI Lower,95% CI Upper,Number of Outliers
BBB-,274,0.25547445255474455,0.5933600489555946,-0.9075112433982209,1.41846014850771,16
BBB+,193,0.29533678756476683,1.0901208913961682,-1.8413001595717227,2.4319737347012564,13
