Group,N,Mean,SD,95% CI Lower,95% CI Upper,Number of Outliers
BBB-,274,0.4708029197080292,0.9459116256331389,-1.383183866532923,2.3247897059489815,14
BBB+,193,0.42487046632124353,1.4810620868176445,-2.4780112238413396,3.327752156483827,13
