Group,N,Mean,SD,95% CI Lower,95% CI Upper,Number of Outliers
BBB-,274,39.446970802919715,29.599479464396786,-18.568008947297983,97.46195055313741,12
BBB+,193,22.46217616580311,21.157892475141214,-19.007293085473666,63.93164541707989,7
