Group,N,Mean,SD,95% CI Lower,95% CI Upper,Number of Outliers
BBB-,274,533.2189781021898,967.098327635907,-1362.2937440641879,2428.7317002685677,12
BBB+,193,1053.0259067357513,2071.1279923712295,-3006.384958311858,5112.436771783361,22
