Group,N,Mean,SD,95% CI Lower,95% CI Upper,Number of Outliers
BBB-,274,0.014598540145985401,0.1201587143235881,-0.22091253992824725,0.25010962022021804,4
BBB+,193,0.0,0.0,0.0,0.0,0
