Group,N,Mean,SD,95% CI Lower,95% CI Upper,Number of Outliers
BBB-,71,10.577464788732394,9.854168040306579,-8.736704570268502,29.891634147733292,3
BBB+,76,7.697368421052632,2.1788054026131247,3.4269098319309075,11.967827010174357,4
