Group,N,Mean,SD,95% CI Lower,95% CI Upper,Number of Outliers
BBB-,71,0.028169014084507043,0.23735633163877065,-0.43704939592748343,0.49338742409649755,1
BBB+,76,0.0,0.0,0.0,0.0,0
