Group,N,Mean,SD,95% CI Lower,95% CI Upper,Number of Outliers
BBB-,71,5.943661971830986,5.070608089607235,-3.994729883799195,15.882053827461167,2
BBB+,76,4.723684210526316,1.150057206815108,2.4695720851687044,6.9777963358839274,6
