Group,N,Mean,SD,95% CI Lower,95% CI Upper,Number of Outliers
BBB-,71,0.15492957746478872,0.4017066208758989,-0.6324153994519731,0.9422745543815506,10
BBB+,76,0.13157894736842105,0.37743362376830863,-0.6081909552174639,0.871348849954306,9
