Group,N,Mean,SD,95% CI Lower,95% CI Upper,Number of Outliers
BBB-,71,0.9295774647887324,1.4863564623599532,-1.983681201436776,3.842836131014241,3
BBB+,76,0.7763157894736842,0.7411465749863755,-0.6763314974996116,2.22896307644698,0
