Group,N,Mean,SD,95% CI Lower,95% CI Upper,Number of Outliers
BBB-,71,0.4647887323943662,0.5814018997338111,-0.6747589910839034,1.6043364558726358,3
BBB+,76,0.27631578947368424,0.5561458851902396,-0.8137301454991852,1.3663617244465538,4
