Group,N,Mean,SD,95% CI Lower,95% CI Upper,Number of Outliers
BBB-,71,5.845070422535211,5.736220476246765,-5.397921710908448,17.08806255597887,3
BBB+,76,4.4868421052631575,1.3807574834380496,1.7805574377245805,7.193126772801735,4
