Group,N,Mean,SD,95% CI Lower,95% CI Upper,Number of Outliers
BBB-,71,0.9436619718309859,2.0134357554308715,-3.002672108813522,4.889996052475494,13
BBB+,76,0.27631578947368424,1.1843274796049312,-2.044966070551981,2.5975976494993493,4
