Group,N,Mean,SD,95% CI Lower,95% CI Upper,Number of Outliers
BBB-,71,0.704225352112676,1.100576033554158,-1.4529036736534735,2.8613543778788255,3
BBB+,76,1.144736842105263,0.9048601714212873,-0.6287890938804599,2.9182627780909858,5
