Group,N,Mean,SD,95% CI Lower,95% CI Upper,Number of Outliers
BBB-,71,0.07042253521126761,0.2576788511734176,-0.43462801308863086,0.5754730835111661,5
BBB+,76,0.0,0.0,0.0,0.0,0
