Group,N,Mean,SD,95% CI Lower,95% CI Upper,Number of Outliers
BBB-,71,256.07042253521126,527.9908636640184,-778.7916702462649,1290.9325153166874,2
BBB+,76,107.38157894736842,31.6745816516496,45.29939891013521,169.46375898460164,2
