Group,N,Mean,SD,95% CI Lower,95% CI Upper,Number of Outliers
BBB-,71,1.4507042253521127,1.422158644901337,-1.3367267186545078,4.238135169358733,2
BBB+,76,1.1710526315789473,0.7726691037304708,-0.3433788117327754,2.6854840748906703,1
