Group,N,Mean,SD,95% CI Lower,95% CI Upper,Number of Outliers
BBB-,71,0.5915492957746479,1.3688103780679923,-2.091319045238617,3.2744176367879128,2
BBB+,76,0.5394736842105263,0.6205543644985874,-0.6768128702067049,1.7557602386277575,5
