Group,N,Mean,SD,95% CI Lower,95% CI Upper,Number of Outliers
BBB-,71,7.492957746478873,5.518470904767059,-3.3232452268645636,18.30916071982231,3
BBB+,76,5.907894736842105,0.8513147726342256,4.239317782479024,7.576471691205187,2
