Group,N,Mean,SD,95% CI Lower,95% CI Upper,Number of Outliers
BBB-,71,1.1666929577464793,1.7891871187237078,-2.340113794951988,4.673499710444947,2
BBB+,76,0.9045342105263159,0.8139233404611079,-0.6907555367774556,2.4998239578300874,1
