Group,N,Mean,SD,95% CI Lower,95% CI Upper,Number of Outliers
BBB-,71,107.47628169014085,76.68108180773949,-42.81863865302854,257.77120203331026,3
BBB+,76,84.00909210526315,12.80823257771098,58.90495625294963,109.11322795757667,4
