Group,N,Mean,SD,95% CI Lower,95% CI Upper,Number of Outliers
BBB-,71,0.028169014084507043,0.16663312875171465,-0.2984319182688537,0.3547699464378678,2
BBB+,76,0.013157894736842105,0.11470786693528091,-0.2116695244563085,0.23798531392999267,1
