Group,N,Mean,SD,95% CI Lower,95% CI Upper,Number of Outliers
BBB-,71,0.7887323943661971,0.411113225896519,-0.017049528390980062,1.5945143171233744,0
BBB+,76,0.7105263157894737,0.45653154615160935,-0.18427551466768066,1.605328146246628,0
