Group,N,Mean,SD,95% CI Lower,95% CI Upper,Number of Outliers
BBB-,71,0.15492957746478872,0.3644129260661655,-0.5593197576248956,0.8691789125544731,11
BBB+,76,0.039473684210526314,0.19601288894248498,-0.34471157811674424,0.4236589465377969,3
