Group,N,Mean,SD,95% CI Lower,95% CI Upper,Number of Outliers
BBB-,71,0.056338028169014086,0.23221442945580478,-0.3988022535643633,0.5114783099023914,4
BBB+,76,0.02631578947368421,0.16113631583445664,-0.28951138956185085,0.3421429685092192,2
