Group,N,Mean,SD,95% CI Lower,95% CI Upper,Number of Outliers
BBB-,71,0.323943661971831,0.47130966124267404,-0.5998232740638101,1.247710598007472,0
BBB+,76,0.32894736842105265,0.4729526514634587,-0.5980398284473264,1.2559345652894316,0
