Group,N,Mean,SD,95% CI Lower,95% CI Upper,Number of Outliers
BBB-,71,0.16901408450704225,0.3774317532617273,-0.5707521518859432,0.9087803209000277,12
BBB+,76,0.2894736842105263,0.4565315461516093,-0.6053281462466279,1.1842755146676804,0
