Group,N,Mean,SD,95% CI Lower,95% CI Upper,Number of Outliers
BBB-,71,0.39436619718309857,0.49219256508683723,-0.5703312303871024,1.3590636247532994,0
BBB+,76,0.35526315789473684,0.48177304112817976,-0.5890120027164955,1.2995383185059692,0
