Group,N,Mean,SD,95% CI Lower,95% CI Upper,Number of Outliers
BBB-,71,0.014084507042253521,0.11867816581938533,-0.21852469796374172,0.24669371204824878,1
BBB+,76,0.0,0.0,0.0,0.0,0
