Group,N,Mean,SD,95% CI Lower,95% CI Upper,Number of Outliers
BBB-,71,0.18309859154929578,0.3895000148516255,-0.5803214375598902,0.9465186206584817,13
BBB+,76,0.05263157894736842,0.22478059477960657,-0.38793838682066045,0.4932015447153973,4
