Group,N,Mean,SD,95% CI Lower,95% CI Upper,Number of Outliers
BBB-,71,0.36619718309859156,0.4851932345458813,-0.5847815566113359,1.317175922808519,0
BBB+,76,0.34210526315789475,0.4775669329409194,-0.5939259254063072,1.2781364517220968,0
