Group,N,Mean,SD,95% CI Lower,95% CI Upper,Number of Outliers
BBB-,71,0.6056338028169014,0.49219256508683723,-0.35906362475329956,1.5703312303871022,0
BBB+,76,0.6578947368421053,0.4775669329409194,-0.27813645172209667,1.5939259254063072,0
