Group,N,Mean,SD,95% CI Lower,95% CI Upper,Number of Outliers
BBB-,71,16.395915492957748,17.515837125907744,-17.935125273821427,50.72695625973692,3
BBB+,76,12.058947368421054,8.740067822612113,-5.071585563898688,29.189480300740797,0
