Group,N,Mean,SD,95% CI Lower,95% CI Upper,Number of Outliers
BBB-,71,1681.5915492957747,5901.318243960327,-9884.992208866464,13248.175307458016,2
BBB+,76,246.1578947368421,119.49259978554645,11.952399157171072,480.3633903165131,2
