Group,N,Mean,SD,95% CI Lower,95% CI Upper,Number of Outliers
BBB-,2851,0.5801473167309716,0.8786824942256373,-1.1420703719512775,2.302365005413221,128
BBB+,4955,0.17679112008072653,0.43260600662258886,-0.6711166528995477,1.0246988930610008,97
