Group,N,Mean,SD,95% CI Lower,95% CI Upper,Number of Outliers
BBB-,2851,0.0,0.0,0.0,0.0,0
BBB+,4955,0.00020181634712411706,0.01420620804874112,-0.027642351428408478,0.028045984122656714,1
