Group,N,Mean,SD,95% CI Lower,95% CI Upper,Number of Outliers
BBB-,2851,4.705717292178183,5.1590185659928345,-5.405959097167773,14.817393681524138,231
BBB+,4955,2.8042381432896066,3.097921184263105,-3.2676873778660793,8.876163664445293,311
