Group,N,Mean,SD,95% CI Lower,95% CI Upper,Number of Outliers
BBB-,2181,3.4594222833562585,4.272788814491812,-4.915243793047693,11.834088359760209,131
BBB+,4008,1.9990019960079841,2.5864631963803593,-3.0704658688975197,7.068469860913488,292
