Group,N,Mean,SD,95% CI Lower,95% CI Upper,Number of Outliers
BBB-,2851,28.744300245527885,17.733589843273982,-6.013535847289123,63.5021363383449,207
BBB+,4955,23.22946518668012,9.652857298937896,4.309864880761843,42.149065492598396,164
