Group,N,Mean,SD,95% CI Lower,95% CI Upper,Number of Outliers
BBB-,2851,3.046650298141003,2.46994534425979,-1.7944425766081853,7.8877431728901914,147
BBB+,4955,1.658728557013118,1.4690942058320982,-1.2206960864177943,4.538153200444031,234
