Group,N,Mean,SD,95% CI Lower,95% CI Upper,Number of Outliers
BBB-,2851,0.0,0.0,0.0,0.0,0
BBB+,4955,0.0006054490413723512,0.02460090675188445,-0.04761232819232117,0.04882322627506587,3
