Group,N,Mean,SD,95% CI Lower,95% CI Upper,Number of Outliers
BBB-,2851,0.12311469659768502,0.6622096825645031,-1.174816281228741,1.4210456744241111,82
BBB+,4955,0.32633703329969727,0.8300610920060831,-1.3005827070322256,1.9532567736316202,369
