Group,N,Mean,SD,95% CI Lower,95% CI Upper,Number of Outliers
BBB-,2851,6.0305156085584,4.130092609388403,-2.0644659058428703,14.125497122959672,115
BBB+,4955,2.858728557013118,2.37990129110676,-1.805877973556131,7.5233350875823675,177
