Group,N,Mean,SD,95% CI Lower,95% CI Upper,Number of Outliers
BBB-,2851,22.11048754822869,11.281380350130856,-0.0010179380277861583,44.221993034485166,126
BBB+,4955,18.572754793138245,6.90796118361902,5.033150873244965,32.112358713031526,225
