Group,N,Mean,SD,95% CI Lower,95% CI Upper,Number of Outliers
BBB-,2851,0.15889161697649948,0.5099095542467864,-0.8405311093472019,1.1583143433002008,120
BBB+,4955,0.27648839556004035,0.750078840975532,-1.1936661327520024,1.746642923872083,279
