Group,N,Mean,SD,95% CI Lower,95% CI Upper,Number of Outliers
BBB-,2851,0.023149772009821115,0.2678518280150438,-0.5018398108996647,0.548139354919307,25
BBB+,4955,0.003632694248234107,0.060168333880911154,-0.11429724015835176,0.12156262865481997,18
