Group,N,Mean,SD,95% CI Lower,95% CI Upper,Number of Outliers
BBB-,2851,0.016485443703963522,0.15919224188307418,-0.29553135038686185,0.32850223779478893,35
BBB+,4955,0.003834510595358224,0.06499455630552203,-0.12355481976346497,0.1312238409541814,18
