Group,N,Mean,SD,95% CI Lower,95% CI Upper,Number of Outliers
BBB-,2851,0.011224131883549631,0.11793668801035313,-0.2199317766167425,0.24238004038384175,28
BBB+,4955,0.025832492431886983,0.18343459900788892,-0.3336993216235753,0.3853643064873492,111
