Group,N,Mean,SD,95% CI Lower,95% CI Upper,Number of Outliers
BBB-,2851,52.306208347948086,31.20853279693918,-8.862515934052709,113.47493262994888,217
BBB+,4955,40.29142280524722,18.072763626986333,4.868806096354007,75.71403951414044,119
