Group,N,Mean,SD,95% CI Lower,95% CI Upper,Number of Outliers
BBB-,2851,0.03788144510698001,0.20851084697978356,-0.37079981497339576,0.44656270518735575,98
BBB+,4955,0.0355196770938446,0.19153910796806942,-0.3398969745235715,0.4109363287112606,170
