Group,N,Mean,SD,95% CI Lower,95% CI Upper,Number of Outliers
BBB-,2851,7.451771308312873,6.31839749156113,-4.932287775146941,19.83583039177269,91
BBB+,4955,7.0597376387487385,5.645358107228227,-4.005164251418587,18.124639528916063,64
