Group,N,Mean,SD,95% CI Lower,95% CI Upper,Number of Outliers
BBB-,2851,3.3942476324096806,2.530575529932225,-1.56568040625748,8.354175671076842,103
BBB+,4955,1.9261352169525732,1.7819671267496602,-1.5665203514767607,5.418790785381907,174
