Group,N,Mean,SD,95% CI Lower,95% CI Upper,Number of Outliers
BBB-,2851,0.041739740441950196,0.23696396268128372,-0.42270962641336585,0.5061891072972663,97
BBB+,4955,0.004439959636730575,0.06946116054008368,-0.13170391502183343,0.14058383429529459,21
