Group,N,Mean,SD,95% CI Lower,95% CI Upper,Number of Outliers
BBB-,2846,0.03443429374560787,0.2092966203609781,-0.3757870821619092,0.4446556696531249,84
BBB+,4945,0.0028311425682507585,0.05313848154475987,-0.10132028125947859,0.10698256639598011,14
