Group,N,Mean,SD,95% CI Lower,95% CI Upper,Number of Outliers
BBB-,2851,0.14486145212206245,0.6015104439085689,-1.0340990179387326,1.3238219221828573,81
BBB+,4955,0.030272452068617558,0.19863235057851952,-0.35904695506528067,0.4195918592025158,133
