Group,N,Mean,SD,95% CI Lower,95% CI Upper,Number of Outliers
BBB-,2844,1765.3136427566808,1675.9130173931992,-1519.4758713339895,5050.103156847351,108
BBB+,4952,1047.80795638126,713.688074877168,-351.0206703779893,2446.636583140509,131
