Group,N,Mean,SD,95% CI Lower,95% CI Upper,Number of Outliers
BBB-,2183,6.323866239120476,4.338983361654425,-2.180541149722198,14.82827362796315,69
BBB+,4006,4.154767848227658,2.920590466444047,-1.5695894660026743,9.879125162457992,157
