Group,N,Mean,SD,95% CI Lower,95% CI Upper,Number of Outliers
BBB-,2851,10.904594878989828,6.956810365291439,-2.7307534369813915,24.539943194961047,153
BBB+,4955,6.578203834510595,3.9665142082814753,-1.1961640137210967,14.352571682742287,114
