Group,N,Mean,SD,95% CI Lower,95% CI Upper,Number of Outliers
BBB-,2851,8.128025254296738,4.552703872991463,-0.7952743367665303,17.051324845360007,72
BBB+,4955,4.093239152371342,2.249160948456974,-0.31511630660432743,8.501594611347011,140
