Group,N,Mean,SD,95% CI Lower,95% CI Upper,Number of Outliers
BBB-,2183,7.354557947778287,4.24045659239855,-0.9567369733228714,15.665852868879444,80
BBB+,4007,4.048664836536062,2.285070080175201,-0.4300725206073315,8.527402193679457,151
