Group,N,Mean,SD,95% CI Lower,95% CI Upper,Number of Outliers
BBB-,2851,3.3707471062784986,3.005323948949196,-2.5196878336619255,9.261182046218924,140
BBB+,4955,1.2272452068617559,1.0913209465467768,-0.9117438483699265,3.366234262093438,142
