Group,N,Mean,SD,95% CI Lower,95% CI Upper,Number of Outliers
BBB-,2182,2.906507791017415,2.656985601166969,-2.301183987269844,8.114199569304674,74
BBB+,4009,1.1416812172611623,1.0637753668358472,-0.943318501737098,3.226680936259423,106
