Group,N,Mean,SD,95% CI Lower,95% CI Upper,Number of Outliers
BBB-,2851,32.10101718695195,15.03785757242289,2.6268163450030855,61.575218028900814,109
BBB+,4955,23.904742684157416,8.538982288292107,7.168337399104885,40.641147969209946,236
