Group,N,Mean,SD,95% CI Lower,95% CI Upper,Number of Outliers
BBB-,2851,1.460023710978604,2.7570462382579533,-3.943786916006984,6.863834337964192,143
BBB+,4955,2.890025897073663,1.5722789290781425,-0.19164080391949634,5.971692598066822,246
