Group,N,Mean,SD,95% CI Lower,95% CI Upper,Number of Outliers
BBB-,2179,1.5256539697108766,2.8394987160168474,-4.039763513682145,7.091071453103897,120
BBB+,3997,2.733299974981236,1.717177376241014,-0.6323676824511515,6.098967632413624,206
