Group,N,Mean,SD,95% CI Lower,95% CI Upper,Number of Outliers
BBB-,2851,464.6307951595931,211.1285834202751,50.81877165585388,878.4428186633323,92
BBB+,4955,339.8419061553986,121.08175067699146,102.52167482849532,577.1621374823019,211
