Group,N,Mean,SD,95% CI Lower,95% CI Upper,Number of Outliers
BBB-,2851,0.27078218169063484,0.4568988354897286,-0.6247395358692331,1.1663038992505028,16
BBB+,4955,0.018163471241170535,0.1423356751000814,-0.26081445195498903,0.29714139443733006,84
