Group,N,Mean,SD,95% CI Lower,95% CI Upper,Number of Outliers
BBB-,2851,2.1592423710978603,1.497331423135614,-0.7755272182479431,5.094011960443664,65
BBB+,4955,2.3630676084762867,1.2826157741631938,-0.15085930888357302,4.876994525836146,194
