Group,N,Mean,SD,95% CI Lower,95% CI Upper,Number of Outliers
BBB-,2851,1.0028060329708874,1.01358795596083,-0.9838263607123394,2.9894384266541145,168
BBB+,4955,1.0623612512613523,0.8840453652294423,-0.6703676645883547,2.7950901671110593,191
