Group,N,Mean,SD,95% CI Lower,95% CI Upper,Number of Outliers
BBB-,2851,0.00526131182041389,0.07235652548245085,-0.13655747812518976,0.14708010176601755,15
BBB+,4955,0.0034308779011099897,0.05847903170287759,-0.11118802423653008,0.11804978003875007,17
