Group,N,Mean,SD,95% CI Lower,95% CI Upper,Number of Outliers
BBB-,2851,0.44230094703612766,0.6416148775967472,-0.8152642130534968,1.6998661071257521,217
BBB+,4955,0.5216952573158425,0.6573115624088871,-0.7666354050055763,1.8100259196372614,375
