Group,N,Mean,SD,95% CI Lower,95% CI Upper,Number of Outliers
BBB-,2851,1.8747807786741495,1.4337163998096145,-0.935303364952695,4.684864922300994,126
BBB+,4955,1.8439959636730576,1.6380375183646745,-1.3665575723217043,5.05454949966782,65
