Group,N,Mean,SD,95% CI Lower,95% CI Upper,Number of Outliers
BBB-,2851,0.7471062784987723,0.7877713682921699,-0.7969256033538805,2.291138160351425,55
BBB+,4955,0.6732593340060545,0.707821072390434,-0.7140699678791961,2.060588635891305,64
