Group,N,Mean,SD,95% CI Lower,95% CI Upper,Number of Outliers
BBB-,2851,1.1564363381269729,1.2814779561109801,-1.3552604558505483,3.668133132104494,115
BBB+,4955,1.3007063572149344,1.2769459433423007,-1.202107691735975,3.803520406165844,114
