Group,N,Mean,SD,95% CI Lower,95% CI Upper,Number of Outliers
BBB-,2851,1.307611364433532,1.1083771657432229,-0.8648078804231847,3.4800306092902487,91
BBB+,4955,1.213925327951564,0.9846663672218405,-0.7160207518032433,3.1438714077063716,64
