Group,N,Mean,SD,95% CI Lower,95% CI Upper,Number of Outliers
BBB-,2851,0.3048053314626447,0.5468006362240942,-0.7669239155365801,1.3765345784618694,108
BBB+,4955,0.1515640766902119,0.38365246835212574,-0.6003947612799546,0.9035229146603784,705
