Group,N,Mean,SD,95% CI Lower,95% CI Upper,Number of Outliers
BBB-,2851,3.1823921431076814,1.5624043645774062,0.12007958853596534,6.244704697679397,188
BBB+,4955,3.0579212916246217,1.533792191905372,0.051688595490092304,6.064153987759151,350
