Group,N,Mean,SD,95% CI Lower,95% CI Upper,Number of Outliers
BBB-,2851,1.1953700455980358,2.327122979779584,-3.365790994769948,5.75653108596602,178
BBB+,4955,0.7652875882946518,1.402606537827676,-1.983821225847593,3.5143964024368968,300
