Group,N,Mean,SD,95% CI Lower,95% CI Upper,Number of Outliers
BBB-,2841,4.297360924977825,0.9479682916756231,2.439343073293604,6.1553787766620465,158
BBB+,4862,3.665101400629165,0.8166347846323689,2.064497222749722,5.265705578508608,298
