Group,N,Mean,SD,95% CI Lower,95% CI Upper,Number of Outliers
BBB-,2851,1.8190108733777621,3.0450771090782913,-4.1493402604156895,7.787362007171213,190
BBB+,4955,1.1128153380423815,1.710940845297419,-2.24062871874056,4.4662593948253235,334
