Group,N,Mean,SD,95% CI Lower,95% CI Upper,Number of Outliers
BBB-,2851,3.014380918975798,4.667108138854521,-6.133151033179063,12.161912871130658,207
BBB+,4955,1.8781029263370332,2.6817605708353147,-3.378147792500184,7.13435364517425,335
