Group,N,Mean,SD,95% CI Lower,95% CI Upper,Number of Outliers
BBB-,2181,132.1237505731316,82.7666336000588,-30.098851282983645,294.34635242924685,82
BBB+,4008,59.221082834331334,37.26197554059696,-13.812389225238697,132.25455489390137,110
