Group,N,Mean,SD,95% CI Lower,95% CI Upper,Number of Outliers
BBB-,2851,133.52186951946683,81.48614565213225,-26.190975958712386,293.23471499764605,129
BBB+,4955,59.86236730575176,37.40717218111666,-13.455690169236888,133.1804247807404,128
