Group,N,Mean,SD,95% CI Lower,95% CI Upper,Number of Outliers
BBB-,2844,20831.926160337553,42616.900546506404,-62697.198910815,104361.0512314901,82
BBB+,4952,8117.272617124394,12075.715631971085,-15551.130021538933,31785.67525578772,73
