Group,N,Mean,SD,95% CI Lower,95% CI Upper,Number of Outliers
BBB-,2851,0.07576289021396002,0.3562155939501495,-0.6224196739283331,0.7739454543562531,174
BBB+,4955,0.015338042381432895,0.12930851527775317,-0.23810664756296335,0.2687827323258291,73
